,variable,r2,slope,intercept
0,agency_score,0.6119910383158679,0.18204428968588424,0.03489387693702395
1,event_score,0.6312981868893218,0.1924575220708069,0.025591386064066468
2,world_score,0.2175412587268276,0.19243430882323687,0.16375729625276353
3,suspense_score,0.427825747480434,0.26029347877453646,-0.21427515355979293
4,surprise_score,0.3441645913423792,0.23831657525843242,-0.19375966829558083
5,curiosity_score,0.33798643740504153,0.2710640277529748,-0.32323535849481483
